DORK,URL,NUMBER OF RESULTS
""".mlab.com password""",https://github.com/search?q=org%3Ateslamotors+%22.mlab.com+password%22&type=Code,0
"""access_token""",https://github.com/search?q=org%3Ateslamotors+%22access_token%22&type=Code,1
"""amazonaws""",https://github.com/search?q=org%3Ateslamotors+%22amazonaws%22&type=Code,1
"""apiSecret""",https://github.com/search?q=org%3Ateslamotors+%22apiSecret%22&type=Code,0
"""api_key""",https://github.com/search?q=org%3Ateslamotors+%22api_key%22&type=Code,19
"""api_secret""",https://github.com/search?q=org%3Ateslamotors+%22api_secret%22&type=Code,0
"""apidocs""",https://github.com/search?q=org%3Ateslamotors+%22apidocs%22&type=Code,3
"""apikey""",https://github.com/search?q=org%3Ateslamotors+%22apikey%22&type=Code,0
"""app_key""",https://github.com/search?q=org%3Ateslamotors+%22app_key%22&type=Code,1
"""app_secret""",https://github.com/search?q=org%3Ateslamotors+%22app_secret%22&type=Code,0
"""client_secret""",https://github.com/search?q=org%3Ateslamotors+%22client_secret%22&type=Code,0
"""cloudfront""",https://github.com/search?q=org%3Ateslamotors+%22cloudfront%22&type=Code,0
"""codecov_token""",https://github.com/search?q=org%3Ateslamotors+%22codecov_token%22&type=Code,2
"""config""",https://github.com/search?q=org%3Ateslamotors+%22config%22&type=Code,27360
"""conn.login""",https://github.com/search?q=org%3Ateslamotors+%22conn.login%22&type=Code,0
"""connectionstring""",https://github.com/search?q=org%3Ateslamotors+%22connectionstring%22&type=Code,1
"""consumer_key""",https://github.com/search?q=org%3Ateslamotors+%22consumer_key%22&type=Code,2
"""credentials""",https://github.com/search?q=org%3Ateslamotors+%22credentials%22&type=Code,181
"""database_password""",https://github.com/search?q=org%3Ateslamotors+%22database_password%22&type=Code,0
"""internal""",https://github.com/search?q=org%3Ateslamotors+%22internal%22&type=Code,6720
"""irc_pass""",https://github.com/search?q=org%3Ateslamotors+%22irc_pass%22&type=Code,0
"""key""",https://github.com/search?q=org%3Ateslamotors+%22key%22&type=Code,10816
"""keyPassword""",https://github.com/search?q=org%3Ateslamotors+%22keyPassword%22&type=Code,1
"""ldap_password""",https://github.com/search?q=org%3Ateslamotors+%22ldap_password%22&type=Code,0
"""ldap_username""",https://github.com/search?q=org%3Ateslamotors+%22ldap_username%22&type=Code,0
"""login""",https://github.com/search?q=org%3Ateslamotors+%22login%22&type=Code,658
"""mailchimp""",https://github.com/search?q=org%3Ateslamotors+%22mailchimp%22&type=Code,0
"""mailgun""",https://github.com/search?q=org%3Ateslamotors+%22mailgun%22&type=Code,0
"""secret.password""",https://github.com/search?q=org%3Ateslamotors+%22secret.password%22&type=Code,0
"""secret_access_key""",https://github.com/search?q=org%3Ateslamotors+%22secret_access_key%22&type=Code,1
"""secret_key""",https://github.com/search?q=org%3Ateslamotors+%22secret_key%22&type=Code,29
"""secret_token""",https://github.com/search?q=org%3Ateslamotors+%22secret_token%22&type=Code,0
"""secrets""",https://github.com/search?q=org%3Ateslamotors+%22secrets%22&type=Code,40
"""secure""",https://github.com/search?q=org%3Ateslamotors+%22secure%22&type=Code,1008
"""security_credentials""",https://github.com/search?q=org%3Ateslamotors+%22security_credentials%22&type=Code,0
"""send.keys""",https://github.com/search?q=org%3Ateslamotors+%22send.keys%22&type=Code,0
"""send_keys""",https://github.com/search?q=org%3Ateslamotors+%22send_keys%22&type=Code,0
HOMEBREW_GITHUB_API_TOKEN language:shell,https://github.com/search?q=org%3Ateslamotors+HOMEBREW_GITHUB_API_TOKEN+language%3Ashell&type=Code,0
PT_TOKEN language:bash,https://github.com/search?q=org%3Ateslamotors+PT_TOKEN+language%3Abash&type=Code,0
[WFClient] Password= extension:ica,https://github.com/search?q=org%3Ateslamotors+[WFClient]+Password=+extension%3Aica&type=Code,0
"extension:avastlic ""support.avast.com""",https://github.com/search?q=org%3Ateslamotors+extension%3Aavastlic+%22support.avast.com%22&type=Code,0
extension:bat,https://github.com/search?q=org%3Ateslamotors+extension%3Abat&type=Code,9
extension:cfg,https://github.com/search?q=org%3Ateslamotors+extension%3Acfg&type=Code,128
extension:env,https://github.com/search?q=org%3Ateslamotors+extension%3Aenv&type=Code,1
extension:exs,https://github.com/search?q=org%3Ateslamotors+extension%3Aexs&type=Code,0
extension:ini,https://github.com/search?q=org%3Ateslamotors+extension%3Aini&type=Code,40
filename:.dockercfg auth,https://github.com/search?q=org%3Ateslamotors+filename%3A.dockercfg+auth&type=Code,0
filename:.env DB_USERNAME NOT homestead,https://github.com/search?q=org%3Ateslamotors+filename%3A.env+DB_USERNAME+NOT+homestead&type=Code,0
filename:.env MAIL_HOST=smtp.gmail.com,https://github.com/search?q=org%3Ateslamotors+filename%3A.env+MAIL_HOST=smtp.gmail.com&type=Code,0
filename:.esmtprc password,https://github.com/search?q=org%3Ateslamotors+filename%3A.esmtprc+password&type=Code,0
filename:.ftpconfig,https://github.com/search?q=org%3Ateslamotors+filename%3A.ftpconfig&type=Code,0
filename:.git-credentials,https://github.com/search?q=org%3Ateslamotors+filename%3A.git-credentials&type=Code,0
filename:.history,https://github.com/search?q=org%3Ateslamotors+filename%3A.history&type=Code,0
filename:.htpasswd,https://github.com/search?q=org%3Ateslamotors+filename%3A.htpasswd&type=Code,0
filename:.netrc password,https://github.com/search?q=org%3Ateslamotors+filename%3A.netrc+password&type=Code,0
filename:connections,https://github.com/search?q=org%3Ateslamotors+filename%3Aconnections&type=Code,7
filename:connections.xml,https://github.com/search?q=org%3Ateslamotors+filename%3Aconnections.xml&type=Code,0
filename:constants,https://github.com/search?q=org%3Ateslamotors+filename%3Aconstants&type=Code,20
filename:credentials,https://github.com/search?q=org%3Ateslamotors+filename%3Acredentials&type=Code,1
filename:credentials aws_access_key_id,https://github.com/search?q=org%3Ateslamotors+filename%3Acredentials+aws_access_key_id&type=Code,0
filename:cshrc,https://github.com/search?q=org%3Ateslamotors+filename%3Acshrc&type=Code,0
filename:database,https://github.com/search?q=org%3Ateslamotors+filename%3Adatabase&type=Code,43
filename:dbeaver-data-sources.xml,https://github.com/search?q=org%3Ateslamotors+filename%3Adbeaver-data-sources.xml&type=Code,0
filename:deploy.rake,https://github.com/search?q=org%3Ateslamotors+filename%3Adeploy.rake&type=Code,0
filename:makefile,https://github.com/search?q=org%3Ateslamotors+filename%3Amakefile&type=Code,2992
filename:master.key path:config,https://github.com/search?q=org%3Ateslamotors+filename%3Amaster.key+path%3Aconfig&type=Code,0
filename:netrc,https://github.com/search?q=org%3Ateslamotors+filename%3Anetrc&type=Code,0
filename:npmrc,https://github.com/search?q=org%3Ateslamotors+filename%3Anpmrc&type=Code,1
filename:pass,https://github.com/search?q=org%3Ateslamotors+filename%3Apass&type=Code,161
filename:passwd path:etc,https://github.com/search?q=org%3Ateslamotors+filename%3Apasswd+path%3Aetc&type=Code,0
filename:pgpass,https://github.com/search?q=org%3Ateslamotors+filename%3Apgpass&type=Code,0
filename:prod.exs,https://github.com/search?q=org%3Ateslamotors+filename%3Aprod.exs&type=Code,0
filename:prod.exs NOT prod.secret.exs,https://github.com/search?q=org%3Ateslamotors+filename%3Aprod.exs+NOT+prod.secret.exs&type=Code,0
filename:wp-config.php,https://github.com/search?q=org%3Ateslamotors+filename%3Awp-config.php&type=Code,0
filename:zhrc,https://github.com/search?q=org%3Ateslamotors+filename%3Azhrc&type=Code,0
jsforce extension:js conn.login,https://github.com/search?q=org%3Ateslamotors+jsforce+extension%3Ajs+conn.login&type=Code,0
language:yaml -filename:travis,https://github.com/search?q=org%3Ateslamotors+language%3Ayaml+-filename%3Atravis&type=Code,202
msg nickserv identify filename:config,https://github.com/search?q=org%3Ateslamotors+msg+nickserv+identify+filename%3Aconfig&type=Code,0
path:sites databases password,https://github.com/search?q=org%3Ateslamotors+path%3Asites+databases+password&type=Code,0
private -language:java,https://github.com/search?q=org%3Ateslamotors+private+-language%3Ajava&type=Code,5000
shodan_api_key language:python,https://github.com/search?q=org%3Ateslamotors+shodan_api_key+language%3Apython&type=Code,0
